Instancia,Iteraciones,Mejor Greedy,Mejor Evolutivo,Diferencia (%),Tiempo ejecuci√≥n (s)
AB101,20,2669.0,2549.39,-4.481453727988016,25.507
AB102,20,3073.0,2998.53,-2.4233647901073803,11.989
AB103,20,3250.0,2878.59,-11.427999999999995,7.984
AB104,20,4003.0,4003.09,0.002248313764680128,27.432
AB105,20,4107.0,3937.8,-4.119795471146817,46.331
AB106,20,4272.0,4029.68,-5.67228464419476,38.306
AB107,20,4409.0,4161.24,-5.619414833295537,28.719
AB108,20,4134.0,4004.86,-3.1238509917755173,33.14
AB109,20,4084.0,3876.0,-5.093046033300686,35.641
AB110,20,3859.0,3662.36,-5.095620627105464,61.059
AB111,20,5059.0,4958.21,-1.9922909665941877,53.621
AB112,20,6166.0,5858.95,-4.979727538112232,56.769
AB113,20,5387.0,5128.02,-4.807499535919798,60.011
AB114,20,5760.0,5359.91,-6.946006944444447,96.285
AB115,20,5715.0,5484.51,-4.0330708661417285,67.056
AB116,20,5275.0,4976.61,-5.656682464454983,91.118
AB117,20,5804.0,5570.42,-4.02446588559614,67.77
AB118,20,6278.0,6067.39,-3.354730805989163,81.824
AB119,20,6487.0,5999.31,-7.517958994912896,60.058
AB120,20,6993.0,6752.38,-3.4408694408694394,48.158
AB201,20,2003.0,1793.74,-10.447329006490264,13.348
AB202,20,2539.0,2326.4,-8.373375344623863,11.031
AB203,20,2641.0,2315.51,-12.324498296099954,6.822
AB204,20,2375.0,2278.99,-4.042526315789483,18.062
AB205,20,3099.0,2852.78,-7.945143594707964,41.783
AB206,20,3417.0,3144.03,-7.988586479367861,23.058
AB207,20,3215.0,3212.01,-0.09300155520994655,26.108
AB208,20,3212.0,2906.23,-9.519613947696138,35.81
AB209,20,2806.0,2608.29,-7.045972915181754,48.95
AB210,20,2945.0,2790.14,-5.258404074702891,47.127
AB211,20,3190.0,3170.06,-0.6250783699059579,33.54
AB212,20,4022.0,3862.24,-3.9721531576330236,91.654
AB213,20,4039.0,3707.17,-8.215647437484524,70.051
AB214,20,3836.0,3555.99,-7.299530761209599,81.377
AB215,20,4046.0,3709.24,-8.323282254078107,75.363
AB216,20,4323.0,3980.02,-7.933842239185751,69.146
AB217,20,5012.0,4379.52,-12.6193136472466,59.646
AB218,20,4587.0,4461.71,-2.731414868105515,77.301
AB219,20,4224.0,4002.82,-5.236268939393936,58.338
AB220,20,4215.0,3969.72,-5.819217081850538,76.676
AB101,25,2669.0,2486.9,-6.822780067440985,62.026
AB102,25,3073.0,2870.9,-6.57663520989261,18.321
AB103,25,3250.0,2792.13,-14.088307692307689,14.989
AB104,25,4003.0,3984.93,-0.45141144141893985,23.125
AB105,25,4074.0,3926.91,-3.6104565537555264,68.166
AB106,25,4276.0,4180.18,-2.240879326473333,36.464
AB107,25,4393.0,4194.74,-4.513089005235607,34.842
AB108,25,4134.0,3974.3,-3.8630865989356513,34.314
AB109,25,4084.0,3885.33,-4.8645935357492665,67.433
AB110,25,3855.0,3679.77,-4.545525291828794,75.252
AB111,25,5052.0,4941.7,-2.1832937450514684,89.574
AB112,25,6338.0,5788.16,-8.67529189018618,69.628
AB113,25,5402.0,5185.29,-4.0116623472787865,73.947
AB114,25,5760.0,5310.58,-7.802430555555556,132.164
AB115,25,5715.0,5437.09,-4.862817147856515,105.14
AB116,25,5277.0,4952.36,-6.151980291832486,106.857
AB117,25,5788.0,5591.11,-3.4016931582584715,129.477
AB118,25,6281.0,6196.65,-1.3429390224486604,88.748
AB119,25,6493.0,6154.5,-5.213306637917758,65.135
AB120,25,6997.0,6750.84,-3.518079176790051,70.289
AB201,25,2007.0,1899.41,-5.360737419033379,17.574
AB202,25,2547.0,2235.9,-12.214369846878677,9.576
AB203,25,2631.0,2131.68,-18.97833523375143,11.471
AB204,25,2375.0,2292.82,-3.460210526315782,26.333
AB205,25,3099.0,2837.18,-8.448531784446601,45.705
AB206,25,3417.0,2988.5,-12.54023997658765,47.575
AB207,25,3206.0,2888.82,-9.893325015595753,44.582
AB208,25,3383.0,2948.01,-12.858114099911313,49.446
AB209,25,2809.0,2598.29,-7.5012459950160215,73.315
AB210,25,2984.0,2763.73,-7.381702412868632,51.45
AB211,25,3190.0,3137.83,-1.6354231974921654,42.601
AB212,25,4222.0,3859.43,-8.587636191378497,92.849
AB213,25,4039.0,3644.07,-9.777915325575634,96.549
AB214,25,3836.0,3452.74,-9.991136600625659,125.984
AB215,25,4059.0,3674.03,-9.484355752648431,149.486
AB216,25,4094.0,3771.82,-7.8695652173913,96.808
AB217,25,5048.0,4351.14,-13.804675118858947,84.402
AB218,25,4585.0,4344.2,-5.251908396946569,116.32
AB219,25,4224.0,3908.4,-7.4715909090909065,100.479
AB220,25,4153.0,3943.5,-5.044546111244883,108.319
AB101,30,2669.0,2479.96,-7.082802547770699,64.509
AB102,30,3073.0,2854.73,-7.102831109664821,154.445
AB103,30,3249.0,2798.01,-13.880886426592792,20.823
AB104,30,4268.0,4088.68,-4.2014995313964425,40.264
AB105,30,4107.0,3793.93,-7.622839055271492,75.89
AB106,30,4272.0,3955.02,-7.41994382022472,77.193
AB107,30,4393.0,4071.13,-7.326883678579556,45.385
AB108,30,4134.0,3862.19,-6.574987905176583,41.03
AB109,30,4084.0,3845.5,-5.839862879529872,69.428
AB110,30,3855.0,3604.85,-6.4889753566796395,111.674
AB111,30,5074.0,4933.61,-2.766850610957831,211.702
AB112,30,6166.0,5775.5,-6.3331170937398635,77.338
AB113,30,5387.0,5036.14,-6.513087061444212,98.292
AB114,30,5806.0,5578.6,-3.916637960730273,128.575
AB115,30,5715.0,5422.47,-5.11863517060367,125.348
AB116,30,5277.0,5022.35,-4.825658518097397,118.482
AB117,30,5785.0,5516.65,-4.638720829732073,135.983
AB118,30,6256.0,6049.29,-3.3041879795396425,132.957
AB119,30,6487.0,6122.76,-5.614922151996296,93.893
AB120,30,6993.0,6742.42,-3.583297583297582,80.903
AB201,30,2003.0,1772.67,-11.499251123315023,51.377
AB202,30,2539.0,2308.36,-9.083891295785737,13.177
AB203,30,2631.0,2122.87,-19.313188901558348,14.615
AB204,30,2442.0,2277.73,-6.726863226863227,26.243
AB205,30,3099.0,2819.83,-9.008389803162313,73.292
AB206,30,3417.0,2979.37,-12.80743342112965,37.227
AB207,30,3206.0,2997.48,-6.504054897067997,57.823
AB208,30,3212.0,2824.46,-12.065379825653798,80.419
AB209,30,2804.0,2579.88,-7.992867332382307,82.47
AB210,30,2945.0,2765.99,-6.078438030560279,79.237
AB211,30,3190.0,3103.33,-2.7169278996865227,61.548
AB212,30,4022.0,3656.99,-9.075335653903537,120.302
AB213,30,4089.0,3645.3,-10.85106382978723,123.891
AB214,30,3836.0,3419.94,-10.846193952033367,148.929
AB215,30,4059.0,3607.37,-11.126632175412666,169.071
AB216,30,4094.0,3827.7,-6.504640937957992,104.951
AB217,30,5012.0,4289.04,-14.424581005586592,97.451
AB218,30,4585.0,4376.01,-4.558124318429657,117.608
AB219,30,4224.0,3903.54,-7.586647727272728,119.638
AB220,30,4216.0,3894.91,-7.615986717267556,140.56
